Workbook

Sheet Paired data
A1: Rubric-guided evaluation: AI vs. Human grading – paired cases
A3: Student | B3: Theory AI Run 1 | C3: Theory AI Run 2 | D3: Theory AI Run 3 | E3: Theory AI Mean | F3: Theory Human | G3: Theory Error | H3: Theory |Error| | I3: Theory Error² | J3: Practice AI Run 1 | K3: Practice AI Run 2 | L3: Practice AI Run 3 | M3: Practice AI Mean | N3: Practice Human | O3: Practice Error | P3: Practice |Error| | Q3: Practice Error² | R3: Theory Human normalized | S3: Theory AI normalized | T3: Practice Human normalized | U3: Practice AI normalized | V3: Total AI Run 1 | W3: Total AI Run 2 | X3: Total AI Run 3 | Y3: Total AI Mean | Z3: Total Human | AA3: Total Error | AB3: Total |Error| | AC3: Total Error² | AD3: Total Human normalized | AE3: Total AI normalized | AF3: X identity | AG3: Y identity
A4: 1 | B4: 0.8 | C4: 0.8 | D4: 0.8 | E4: =AVERAGE(B4:D4) -> 0.8 | F4: 1 | G4: =E4-F4 -> -0.2 | H4: =ABS(G4) -> 0.2 | I4: =G4^2 -> 0.04 | J4: 0 | K4: 0 | L4: 0 | M4: =AVERAGE(J4:L4) -> 0 | N4: 0 | O4: =M4-N4 -> 0 | P4: =ABS(O4) -> 0 | Q4: =O4^2 -> 0 | R4: =F4/3 -> 0.33333333 | S4: =E4/3 -> 0.26666667 | T4: =N4/3 -> 0 | U4: =M4/3 -> 0 | V4: =B4+J4 -> 0.8 | W4: =C4+K4 -> 0.8 | X4: =D4+L4 -> 0.8 | Y4: =AVERAGE(V4:X4) -> 0.8 | Z4: =F4+N4 -> 1 | AA4: =Y4-Z4 -> -0.2 | AB4: =ABS(AA4) -> 0.2 | AC4: =AA4^2 -> 0.04 | AD4: =Z4/6 -> 0.16666667 | AE4: =Y4/6 -> 0.13333333 | AF4: 0 | AG4: 0
A5: 2 | B5: 1.2 | C5: 1.2 | D5: 1.2 | E5: =AVERAGE(B5:D5) -> 1.2 | F5: 1.4 | G5: =E5-F5 -> -0.2 | H5: =ABS(G5) -> 0.2 | I5: =G5^2 -> 0.04 | J5: 0 | K5: 0 | L5: 0 | M5: =AVERAGE(J5:L5) -> 0 | N5: 0 | O5: =M5-N5 -> 0 | P5: =ABS(O5) -> 0 | Q5: =O5^2 -> 0 | R5: =F5/3 -> 0.46666667 | S5: =E5/3 -> 0.4 | T5: =N5/3 -> 0 | U5: =M5/3 -> 0 | V5: =B5+J5 -> 1.2 | W5: =C5+K5 -> 1.2 | X5: =D5+L5 -> 1.2 | Y5: =AVERAGE(V5:X5) -> 1.2 | Z5: =F5+N5 -> 1.4 | AA5: =Y5-Z5 -> -0.2 | AB5: =ABS(AA5) -> 0.2 | AC5: =AA5^2 -> 0.04 | AD5: =Z5/6 -> 0.23333333 | AE5: =Y5/6 -> 0.2 | AF5: 1 | AG5: 1
A6: 3 | B6: 0.9 | C6: 1.35 | D6: 1.2 | E6: =AVERAGE(B6:D6) -> 1.15 | F6: 1.6 | G6: =E6-F6 -> -0.45 | H6: =ABS(G6) -> 0.45 | I6: =G6^2 -> 0.2025 | J6: 0 | K6: 0 | L6: 0 | M6: =AVERAGE(J6:L6) -> 0 | N6: 0 | O6: =M6-N6 -> 0 | P6: =ABS(O6) -> 0 | Q6: =O6^2 -> 0 | R6: =F6/3 -> 0.53333333 | S6: =E6/3 -> 0.38333333 | T6: =N6/3 -> 0 | U6: =M6/3 -> 0 | V6: =B6+J6 -> 0.9 | W6: =C6+K6 -> 1.35 | X6: =D6+L6 -> 1.2 | Y6: =AVERAGE(V6:X6) -> 1.15 | Z6: =F6+N6 -> 1.6 | AA6: =Y6-Z6 -> -0.45 | AB6: =ABS(AA6) -> 0.45 | AC6: =AA6^2 -> 0.2025 | AD6: =Z6/6 -> 0.26666667 | AE6: =Y6/6 -> 0.19166667
A7: 4 | B7: 1.5 | C7: 1.6 | D7: 1.6 | E7: =AVERAGE(B7:D7) -> 1.5666667 | F7: 1.5 | G7: =E7-F7 -> 0.066666667 | H7: =ABS(G7) -> 0.066666667 | I7: =G7^2 -> 0.0044444444 | J7: 0 | K7: 0 | L7: 0 | M7: =AVERAGE(J7:L7) -> 0 | N7: 0 | O7: =M7-N7 -> 0 | P7: =ABS(O7) -> 0 | Q7: =O7^2 -> 0 | R7: =F7/3 -> 0.5 | S7: =E7/3 -> 0.52222222 | T7: =N7/3 -> 0 | U7: =M7/3 -> 0 | V7: =B7+J7 -> 1.5 | W7: =C7+K7 -> 1.6 | X7: =D7+L7 -> 1.6 | Y7: =AVERAGE(V7:X7) -> 1.5666667 | Z7: =F7+N7 -> 1.5 | AA7: =Y7-Z7 -> 0.066666667 | AB7: =ABS(AA7) -> 0.066666667 | AC7: =AA7^2 -> 0.0044444444 | AD7: =Z7/6 -> 0.25 | AE7: =Y7/6 -> 0.26111111
A8: 5 | B8: 2.5 | C8: 2.5 | D8: 2.5 | E8: =AVERAGE(B8:D8) -> 2.5 | F8: 2.1 | G8: =E8-F8 -> 0.4 | H8: =ABS(G8) -> 0.4 | I8: =G8^2 -> 0.16 | J8: 1.05 | K8: 1.2 | L8: 1.1 | M8: =AVERAGE(J8:L8) -> 1.1166667 | N8: 2.5 | O8: =M8-N8 -> -1.3833333 | P8: =ABS(O8) -> 1.3833333 | Q8: =O8^2 -> 1.9136111 | R8: =F8/3 -> 0.7 | S8: =E8/3 -> 0.83333333 | T8: =N8/3 -> 0.83333333 | U8: =M8/3 -> 0.37222222 | V8: =B8+J8 -> 3.55 | W8: =C8+K8 -> 3.7 | X8: =D8+L8 -> 3.6 | Y8: =AVERAGE(V8:X8) -> 3.6166667 | Z8: =F8+N8 -> 4.6 | AA8: =Y8-Z8 -> -0.98333333 | AB8: =ABS(AA8) -> 0.98333333 | AC8: =AA8^2 -> 0.96694444 | AD8: =Z8/6 -> 0.76666667 | AE8: =Y8/6 -> 0.60277778
A9: 7 | B9: 1 | C9: 0.8 | D9: 1.2 | E9: =AVERAGE(B9:D9) -> 1 | F9: 1.5 | G9: =E9-F9 -> -0.5 | H9: =ABS(G9) -> 0.5 | I9: =G9^2 -> 0.25 | J9: 0.6 | K9: 0.3 | L9: 0.4 | M9: =AVERAGE(J9:L9) -> 0.43333333 | N9: 0 | O9: =M9-N9 -> 0.43333333 | P9: =ABS(O9) -> 0.43333333 | Q9: =O9^2 -> 0.18777778 | R9: =F9/3 -> 0.5 | S9: =E9/3 -> 0.33333333 | T9: =N9/3 -> 0 | U9: =M9/3 -> 0.14444444 | V9: =B9+J9 -> 1.6 | W9: =C9+K9 -> 1.1 | X9: =D9+L9 -> 1.6 | Y9: =AVERAGE(V9:X9) -> 1.4333333 | Z9: =F9+N9 -> 1.5 | AA9: =Y9-Z9 -> -0.066666667 | AB9: =ABS(AA9) -> 0.066666667 | AC9: =AA9^2 -> 0.0044444444 | AD9: =Z9/6 -> 0.25 | AE9: =Y9/6 -> 0.23888889
A10: 8 | B10: 2.5 | C10: 2.5 | D10: 2.5 | E10: =AVERAGE(B10:D10) -> 2.5 | F10: 2.65 | G10: =E10-F10 -> -0.15 | H10: =ABS(G10) -> 0.15 | I10: =G10^2 -> 0.0225 | J10: 1.45 | K10: 1.5 | L10: 1.4 | M10: =AVERAGE(J10:L10) -> 1.45 | N10: 3 | O10: =M10-N10 -> -1.55 | P10: =ABS(O10) -> 1.55 | Q10: =O10^2 -> 2.4025 | R10: =F10/3 -> 0.88333333 | S10: =E10/3 -> 0.83333333 | T10: =N10/3 -> 1 | U10: =M10/3 -> 0.48333333 | V10: =B10+J10 -> 3.95 | W10: =C10+K10 -> 4 | X10: =D10+L10 -> 3.9 | Y10: =AVERAGE(V10:X10) -> 3.95 | Z10: =F10+N10 -> 5.65 | AA10: =Y10-Z10 -> -1.7 | AB10: =ABS(AA10) -> 1.7 | AC10: =AA10^2 -> 2.89 | AD10: =Z10/6 -> 0.94166667 | AE10: =Y10/6 -> 0.65833333
A11: 9 | B11: 1.55 | C11: 1.75 | D11: 1.75 | E11: =AVERAGE(B11:D11) -> 1.6833333 | F11: 1.8 | G11: =E11-F11 -> -0.11666667 | H11: =ABS(G11) -> 0.11666667 | I11: =G11^2 -> 0.013611111 | J11: 0.75 | K11: 0.65 | L11: 0.8 | M11: =AVERAGE(J11:L11) -> 0.73333333 | N11: 2.75 | O11: =M11-N11 -> -2.0166667 | P11: =ABS(O11) -> 2.0166667 | Q11: =O11^2 -> 4.0669444 | R11: =F11/3 -> 0.6 | S11: =E11/3 -> 0.56111111 | T11: =N11/3 -> 0.91666667 | U11: =M11/3 -> 0.24444444 | V11: =B11+J11 -> 2.3 | W11: =C11+K11 -> 2.4 | X11: =D11+L11 -> 2.55 | Y11: =AVERAGE(V11:X11) -> 2.4166667 | Z11: =F11+N11 -> 4.55 | AA11: =Y11-Z11 -> -2.1333333 | AB11: =ABS(AA11) -> 2.1333333 | AC11: =AA11^2 -> 4.5511111 | AD11: =Z11/6 -> 0.75833333 | AE11: =Y11/6 -> 0.40277778
A12: 10 | B12: 1.85 | C12: 1.85 | D12: 1.85 | E12: =AVERAGE(B12:D12) -> 1.85 | F12: 2 | G12: =E12-F12 -> -0.15 | H12: =ABS(G12) -> 0.15 | I12: =G12^2 -> 0.0225 | J12: 0 | K12: 0 | L12: 0 | M12: =AVERAGE(J12:L12) -> 0 | N12: 0 | O12: =M12-N12 -> 0 | P12: =ABS(O12) -> 0 | Q12: =O12^2 -> 0 | R12: =F12/3 -> 0.66666667 | S12: =E12/3 -> 0.61666667 | T12: =N12/3 -> 0 | U12: =M12/3 -> 0 | V12: =B12+J12 -> 1.85 | W12: =C12+K12 -> 1.85 | X12: =D12+L12 -> 1.85 | Y12: =AVERAGE(V12:X12) -> 1.85 | Z12: =F12+N12 -> 2 | AA12: =Y12-Z12 -> -0.15 | AB12: =ABS(AA12) -> 0.15 | AC12: =AA12^2 -> 0.0225 | AD12: =Z12/6 -> 0.33333333 | AE12: =Y12/6 -> 0.30833333
A13: 11 | B13: 1.2 | C13: 1 | D13: 1.2 | E13: =AVERAGE(B13:D13) -> 1.1333333 | F13: 1 | G13: =E13-F13 -> 0.13333333 | H13: =ABS(G13) -> 0.13333333 | I13: =G13^2 -> 0.017777778 | J13: 0.6 | K13: 0.4 | L13: 0.5 | M13: =AVERAGE(J13:L13) -> 0.5 | N13: 2.5 | O13: =M13-N13 -> -2 | P13: =ABS(O13) -> 2 | Q13: =O13^2 -> 4 | R13: =F13/3 -> 0.33333333 | S13: =E13/3 -> 0.37777778 | T13: =N13/3 -> 0.83333333 | U13: =M13/3 -> 0.16666667 | V13: =B13+J13 -> 1.8 | W13: =C13+K13 -> 1.4 | X13: =D13+L13 -> 1.7 | Y13: =AVERAGE(V13:X13) -> 1.6333333 | Z13: =F13+N13 -> 3.5 | AA13: =Y13-Z13 -> -1.8666667 | AB13: =ABS(AA13) -> 1.8666667 | AC13: =AA13^2 -> 3.4844444 | AD13: =Z13/6 -> 0.58333333 | AE13: =Y13/6 -> 0.27222222
A14: 12 | B14: 1.2 | C14: 1.2 | D14: 1.2 | E14: =AVERAGE(B14:D14) -> 1.2 | F14: 1.5 | G14: =E14-F14 -> -0.3 | H14: =ABS(G14) -> 0.3 | I14: =G14^2 -> 0.09 | J14: 1.8 | K14: 1.8 | L14: 1.9 | M14: =AVERAGE(J14:L14) -> 1.8333333 | N14: 2 | O14: =M14-N14 -> -0.16666667 | P14: =ABS(O14) -> 0.16666667 | Q14: =O14^2 -> 0.027777778 | R14: =F14/3 -> 0.5 | S14: =E14/3 -> 0.4 | T14: =N14/3 -> 0.66666667 | U14: =M14/3 -> 0.61111111 | V14: =B14+J14 -> 3 | W14: =C14+K14 -> 3 | X14: =D14+L14 -> 3.1 | Y14: =AVERAGE(V14:X14) -> 3.0333333 | Z14: =F14+N14 -> 3.5 | AA14: =Y14-Z14 -> -0.46666667 | AB14: =ABS(AA14) -> 0.46666667 | AC14: =AA14^2 -> 0.21777778 | AD14: =Z14/6 -> 0.58333333 | AE14: =Y14/6 -> 0.50555556
A15: 13 | B15: 2.2 | C15: 2.3 | D15: 2.2 | E15: =AVERAGE(B15:D15) -> 2.2333333 | F15: 2.1 | G15: =E15-F15 -> 0.13333333 | H15: =ABS(G15) -> 0.13333333 | I15: =G15^2 -> 0.017777778 | J15: 0 | K15: 0 | L15: 0 | M15: =AVERAGE(J15:L15) -> 0 | N15: 0 | O15: =M15-N15 -> 0 | P15: =ABS(O15) -> 0 | Q15: =O15^2 -> 0 | R15: =F15/3 -> 0.7 | S15: =E15/3 -> 0.74444444 | T15: =N15/3 -> 0 | U15: =M15/3 -> 0 | V15: =B15+J15 -> 2.2 | W15: =C15+K15 -> 2.3 | X15: =D15+L15 -> 2.2 | Y15: =AVERAGE(V15:X15) -> 2.2333333 | Z15: =F15+N15 -> 2.1 | AA15: =Y15-Z15 -> 0.13333333 | AB15: =ABS(AA15) -> 0.13333333 | AC15: =AA15^2 -> 0.017777778 | AD15: =Z15/6 -> 0.35 | AE15: =Y15/6 -> 0.37222222
A16: 14 | B16: 2.8 | C16: 2.8 | D16: 2.8 | E16: =AVERAGE(B16:D16) -> 2.8 | F16: 2.8 | G16: =E16-F16 -> 0 | H16: =ABS(G16) -> 0 | I16: =G16^2 -> 0 | J16: 1.2 | K16: 1 | L16: 1.2 | M16: =AVERAGE(J16:L16) -> 1.1333333 | N16: 3 | O16: =M16-N16 -> -1.8666667 | P16: =ABS(O16) -> 1.8666667 | Q16: =O16^2 -> 3.4844444 | R16: =F16/3 -> 0.93333333 | S16: =E16/3 -> 0.93333333 | T16: =N16/3 -> 1 | U16: =M16/3 -> 0.37777778 | V16: =B16+J16 -> 4 | W16: =C16+K16 -> 3.8 | X16: =D16+L16 -> 4 | Y16: =AVERAGE(V16:X16) -> 3.9333333 | Z16: =F16+N16 -> 5.8 | AA16: =Y16-Z16 -> -1.8666667 | AB16: =ABS(AA16) -> 1.8666667 | AC16: =AA16^2 -> 3.4844444 | AD16: =Z16/6 -> 0.96666667 | AE16: =Y16/6 -> 0.65555556
A18: Student 6 was excluded because the corresponding instructor grade could not be identified. The AI–human comparison therefore uses n = 13 paired submissions.

Sheet Metrics
A1: Rubric-guided evaluation: error metrics (AI mean of 3 runs vs. instructor) | G1: SD (STDEV.S) across the three AI total-score runs for each paired submission.
A3: Section | B3: Scale | C3: MAE | D3: MSE | E3: RMSE | G3: Student | H3: SD total (0–6) | I3: SD normalized (0–1) | K3: Summary | L3: Value
A4: Theory | B4: 0–3 | C4: =AVERAGE('Paired data'!H4:H16) -> 0.21538462 | D4: =AVERAGE('Paired data'!I4:I16) -> 0.067777778 | E4: =SQRT(D4) -> 0.26034166 | G4: ='Paired data'!A4 -> 1 | H4: =_xlfn.STDEV.S('Paired data'!V4:X4) -> 1.35974e-16 | I4: =H4/6 -> 2.2662333e-17 | K4: Mean SD total (0–6) | L4: =AVERAGE(H4:H16) -> 0.097450191
A5: Practice | B5: 0–3 | C5: =AVERAGE('Paired data'!P4:P16) -> 0.72435897 | D5: =AVERAGE('Paired data'!Q4:Q16) -> 1.2371581 | E5: =SQRT(D5) -> 1.1122761 | G5: ='Paired data'!A5 -> 2 | H5: =_xlfn.STDEV.S('Paired data'!V5:X5) -> 0 | I5: =H5/6 -> 0 | K5: Mean SD normalized (0–1) | L5: =AVERAGE(I4:I16) -> 0.016241699
A6: Theory | B6: 0–1 | C6: =C4/3 -> 0.071794872 | D6: =D4/9 -> 0.0075308642 | E6: =E4/3 -> 0.086780552 | G6: ='Paired data'!A6 -> 3 | H6: =_xlfn.STDEV.S('Paired data'!V6:X6) -> 0.22912878 | I6: =H6/6 -> 0.038188131 | K6: Paired submissions (n) | L6: =COUNT(G4:G16) -> 13
A7: Practice | B7: 0–1 | C7: =C5/3 -> 0.24145299 | D7: =D5/9 -> 0.13746201 | E7: =E5/3 -> 0.3707587 | G7: ='Paired data'!A7 -> 4 | H7: =_xlfn.STDEV.S('Paired data'!V7:X7) -> 0.057735027 | I7: =H7/6 -> 0.0096225045
G8: ='Paired data'!A8 -> 5 | H8: =_xlfn.STDEV.S('Paired data'!V8:X8) -> 0.076376262 | I8: =H8/6 -> 0.012729377
G9: ='Paired data'!A9 -> 7 | H9: =_xlfn.STDEV.S('Paired data'!V9:X9) -> 0.28867513 | I9: =H9/6 -> 0.048112522
G10: ='Paired data'!A10 -> 8 | H10: =_xlfn.STDEV.S('Paired data'!V10:X10) -> 0.05 | I10: =H10/6 -> 0.0083333333
A11: Total examination | B11: 0–6 | C11: =AVERAGE('Paired data'!AB4:AB16) -> 0.79102564 | D11: =AVERAGE('Paired data'!AC4:AC16) -> 1.2251068 | E11: =SQRT(D11) -> 1.1068454 | G11: ='Paired data'!A11 -> 9 | H11: =_xlfn.STDEV.S('Paired data'!V11:X11) -> 0.12583057 | I11: =H11/6 -> 0.020971762
A12: Total examination | B12: 0–1 | C12: =C11/6 -> 0.13183761 | D12: =D11/36 -> 0.034030745 | E12: =E11/6 -> 0.18447424 | G12: ='Paired data'!A12 -> 10 | H12: =_xlfn.STDEV.S('Paired data'!V12:X12) -> 2.7194799e-16 | I12: =H12/6 -> 4.5324665e-17
G13: ='Paired data'!A13 -> 11 | H13: =_xlfn.STDEV.S('Paired data'!V13:X13) -> 0.2081666 | I13: =H13/6 -> 0.034694433
G14: ='Paired data'!A14 -> 12 | H14: =_xlfn.STDEV.S('Paired data'!V14:X14) -> 0.057735027 | I14: =H14/6 -> 0.0096225045
G15: ='Paired data'!A15 -> 13 | H15: =_xlfn.STDEV.S('Paired data'!V15:X15) -> 0.057735027 | I15: =H15/6 -> 0.0096225045
G16: ='Paired data'!A16 -> 14 | H16: =_xlfn.STDEV.S('Paired data'!V16:X16) -> 0.11547005 | I16: =H16/6 -> 0.019245009

Sheet ICC
A1: Rubric-guided evaluation: global run-to-run ICC of total AI scores
A2: ICC(A,1) / ICC(2,1): two-way random-effects, absolute-agreement, single-measure ICC, computed from total AI score (theory + practice) across the three repeated runs.
A4: Student | B4: Total Run 1 | C4: Total Run 2 | D4: Total Run 3 | E4: Row mean | F4: Residual R1 | G4: Residual R2 | H4: Residual R3 | I4: Residual² R1 | J4: Residual² R2 | K4: Residual² R3 | L4: Row mean deviation² | M4: ICC component | N4: Value
A5: ='Paired data'!A4 -> 1 | B5: ='Paired data'!B4+'Paired data'!J4 -> 0.8 | C5: ='Paired data'!C4+'Paired data'!K4 -> 0.8 | D5: ='Paired data'!D4+'Paired data'!L4 -> 0.8 | E5: =AVERAGE(B5:D5) -> 0.8 | F5: =B5-E5-$B$21+$E$21 -> 0.012820513 | G5: =C5-E5-$C$21+$E$21 -> 0.024358974 | H5: =D5-E5-$D$21+$E$21 -> -0.037179487 | I5: =F5^2 -> 0.00016436555 | J5: =G5^2 -> 0.00059335963 | K5: =H5^2 -> 0.0013823143 | L5: =(E5-$E$21)^2 -> 2.0069444 | M5: n | N5: 13
A6: ='Paired data'!A5 -> 2 | B6: ='Paired data'!B5+'Paired data'!J5 -> 1.2 | C6: ='Paired data'!C5+'Paired data'!K5 -> 1.2 | D6: ='Paired data'!D5+'Paired data'!L5 -> 1.2 | E6: =AVERAGE(B6:D6) -> 1.2 | F6: =B6-E6-$B$21+$E$21 -> 0.012820513 | G6: =C6-E6-$C$21+$E$21 -> 0.024358974 | H6: =D6-E6-$D$21+$E$21 -> -0.037179487 | I6: =F6^2 -> 0.00016436555 | J6: =G6^2 -> 0.00059335963 | K6: =H6^2 -> 0.0013823143 | L6: =(E6-$E$21)^2 -> 1.0336111 | M6: k | N6: 3
A7: ='Paired data'!A6 -> 3 | B7: ='Paired data'!B6+'Paired data'!J6 -> 0.9 | C7: ='Paired data'!C6+'Paired data'!K6 -> 1.35 | D7: ='Paired data'!D6+'Paired data'!L6 -> 1.2 | E7: =AVERAGE(B7:D7) -> 1.15 | F7: =B7-E7-$B$21+$E$21 -> -0.23717949 | G7: =C7-E7-$C$21+$E$21 -> 0.22435897 | H7: =D7-E7-$D$21+$E$21 -> 0.012820513 | I7: =F7^2 -> 0.056254109 | J7: =G7^2 -> 0.050336949 | K7: =H7^2 -> 0.00016436555 | L7: =(E7-$E$21)^2 -> 1.1377778 | M7: MS rows | N7: =3*SUM(L5:L17)/(13-1) -> 3.5769444
A8: ='Paired data'!A7 -> 4 | B8: ='Paired data'!B7+'Paired data'!J7 -> 1.5 | C8: ='Paired data'!C7+'Paired data'!K7 -> 1.6 | D8: ='Paired data'!D7+'Paired data'!L7 -> 1.6 | E8: =AVERAGE(B8:D8) -> 1.5666667 | F8: =B8-E8-$B$21+$E$21 -> -0.053846154 | G8: =C8-E8-$C$21+$E$21 -> 0.057692308 | H8: =D8-E8-$D$21+$E$21 -> -0.0038461538 | I8: =F8^2 -> 0.0028994083 | J8: =G8^2 -> 0.0033284024 | K8: =H8^2 -> 1.4792899e-05 | L8: =(E8-$E$21)^2 -> 0.4225 | M8: MS columns | N8: =13*((B21-E21)^2+(C21-E21)^2+(D21-E21)^2)/(3-1) -> 0.013910256
A9: ='Paired data'!A8 -> 5 | B9: ='Paired data'!B8+'Paired data'!J8 -> 3.55 | C9: ='Paired data'!C8+'Paired data'!K8 -> 3.7 | D9: ='Paired data'!D8+'Paired data'!L8 -> 3.6 | E9: =AVERAGE(B9:D9) -> 3.6166667 | F9: =B9-E9-$B$21+$E$21 -> -0.053846154 | G9: =C9-E9-$C$21+$E$21 -> 0.10769231 | H9: =D9-E9-$D$21+$E$21 -> -0.053846154 | I9: =F9^2 -> 0.0028994083 | J9: =G9^2 -> 0.011597633 | K9: =H9^2 -> 0.0028994083 | L9: =(E9-$E$21)^2 -> 1.96 | M9: MS error | N9: =SUM(I5:K17)/((13-1)*(3-1)) -> 0.017729701
A10: ='Paired data'!A9 -> 7 | B10: ='Paired data'!B9+'Paired data'!J9 -> 1.6 | C10: ='Paired data'!C9+'Paired data'!K9 -> 1.1 | D10: ='Paired data'!D9+'Paired data'!L9 -> 1.6 | E10: =AVERAGE(B10:D10) -> 1.4333333 | F10: =B10-E10-$B$21+$E$21 -> 0.17948718 | G10: =C10-E10-$C$21+$E$21 -> -0.30897436 | H10: =D10-E10-$D$21+$E$21 -> 0.12948718 | I10: =F10^2 -> 0.032215648 | J10: =G10^2 -> 0.095465155 | K10: =H10^2 -> 0.01676693 | L10: =(E10-$E$21)^2 -> 0.61361111 | M10: ICC(A,1) / ICC(2,1) | N10: =(N7-N9)/(N7+(3-1)*N9+3*(N8-N9)/13) -> 0.98551644
A11: ='Paired data'!A10 -> 8 | B11: ='Paired data'!B10+'Paired data'!J10 -> 3.95 | C11: ='Paired data'!C10+'Paired data'!K10 -> 4 | D11: ='Paired data'!D10+'Paired data'!L10 -> 3.9 | E11: =AVERAGE(B11:D11) -> 3.95 | F11: =B11-E11-$B$21+$E$21 -> 0.012820513 | G11: =C11-E11-$C$21+$E$21 -> 0.074358974 | H11: =D11-E11-$D$21+$E$21 -> -0.087179487 | I11: =F11^2 -> 0.00016436555 | J11: =G11^2 -> 0.0055292571 | K11: =H11^2 -> 0.007600263 | L11: =(E11-$E$21)^2 -> 3.0044444 | M11: Interpretation | N11: Run-to-run absolute agreement
A12: ='Paired data'!A11 -> 9 | B12: ='Paired data'!B11+'Paired data'!J11 -> 2.3 | C12: ='Paired data'!C11+'Paired data'!K11 -> 2.4 | D12: ='Paired data'!D11+'Paired data'!L11 -> 2.55 | E12: =AVERAGE(B12:D12) -> 2.4166667 | F12: =B12-E12-$B$21+$E$21 -> -0.10384615 | G12: =C12-E12-$C$21+$E$21 -> 0.0076923077 | H12: =D12-E12-$D$21+$E$21 -> 0.096153846 | I12: =F12^2 -> 0.010784024 | J12: =G12^2 -> 5.9171598e-05 | K12: =H12^2 -> 0.0092455621 | L12: =(E12-$E$21)^2 -> 0.04
A13: ='Paired data'!A12 -> 10 | B13: ='Paired data'!B12+'Paired data'!J12 -> 1.85 | C13: ='Paired data'!C12+'Paired data'!K12 -> 1.85 | D13: ='Paired data'!D12+'Paired data'!L12 -> 1.85 | E13: =AVERAGE(B13:D13) -> 1.85 | F13: =B13-E13-$B$21+$E$21 -> 0.012820513 | G13: =C13-E13-$C$21+$E$21 -> 0.024358974 | H13: =D13-E13-$D$21+$E$21 -> -0.037179487 | I13: =F13^2 -> 0.00016436555 | J13: =G13^2 -> 0.00059335963 | K13: =H13^2 -> 0.0013823143 | L13: =(E13-$E$21)^2 -> 0.13444444
A14: ='Paired data'!A13 -> 11 | B14: ='Paired data'!B13+'Paired data'!J13 -> 1.8 | C14: ='Paired data'!C13+'Paired data'!K13 -> 1.4 | D14: ='Paired data'!D13+'Paired data'!L13 -> 1.7 | E14: =AVERAGE(B14:D14) -> 1.6333333 | F14: =B14-E14-$B$21+$E$21 -> 0.17948718 | G14: =C14-E14-$C$21+$E$21 -> -0.20897436 | H14: =D14-E14-$D$21+$E$21 -> 0.029487179 | I14: =F14^2 -> 0.032215648 | J14: =G14^2 -> 0.043670283 | K14: =H14^2 -> 0.00086949375 | L14: =(E14-$E$21)^2 -> 0.34027778
A15: ='Paired data'!A14 -> 12 | B15: ='Paired data'!B14+'Paired data'!J14 -> 3 | C15: ='Paired data'!C14+'Paired data'!K14 -> 3 | D15: ='Paired data'!D14+'Paired data'!L14 -> 3.1 | E15: =AVERAGE(B15:D15) -> 3.0333333 | F15: =B15-E15-$B$21+$E$21 -> -0.020512821 | G15: =C15-E15-$C$21+$E$21 -> -0.008974359 | H15: =D15-E15-$D$21+$E$21 -> 0.029487179 | I15: =F15^2 -> 0.00042077581 | J15: =G15^2 -> 8.0539119e-05 | K15: =H15^2 -> 0.00086949375 | L15: =(E15-$E$21)^2 -> 0.66694444
A16: ='Paired data'!A15 -> 13 | B16: ='Paired data'!B15+'Paired data'!J15 -> 2.2 | C16: ='Paired data'!C15+'Paired data'!K15 -> 2.3 | D16: ='Paired data'!D15+'Paired data'!L15 -> 2.2 | E16: =AVERAGE(B16:D16) -> 2.2333333 | F16: =B16-E16-$B$21+$E$21 -> -0.020512821 | G16: =C16-E16-$C$21+$E$21 -> 0.091025641 | H16: =D16-E16-$D$21+$E$21 -> -0.070512821 | I16: =F16^2 -> 0.00042077581 | J16: =G16^2 -> 0.0082856673 | K16: =H16^2 -> 0.0049720579 | L16: =(E16-$E$21)^2 -> 0.00027777778
A17: ='Paired data'!A16 -> 14 | B17: ='Paired data'!B16+'Paired data'!J16 -> 4 | C17: ='Paired data'!C16+'Paired data'!K16 -> 3.8 | D17: ='Paired data'!D16+'Paired data'!L16 -> 4 | E17: =AVERAGE(B17:D17) -> 3.9333333 | F17: =B17-E17-$B$21+$E$21 -> 0.079487179 | G17: =C17-E17-$C$21+$E$21 -> -0.10897436 | H17: =D17-E17-$D$21+$E$21 -> 0.029487179 | I17: =F17^2 -> 0.0063182117 | J17: =G17^2 -> 0.011875411 | K17: =H17^2 -> 0.00086949375 | L17: =(E17-$E$21)^2 -> 2.9469444
A20: Means | B20: Run 1 | C20: Run 2 | D20: Run 3 | E20: Grand mean
B21: =AVERAGE(B5:B17) -> 2.2038462 | C21: =AVERAGE(C5:C17) -> 2.1923077 | D21: =AVERAGE(D5:D17) -> 2.2538462 | E21: =AVERAGE(B5:D17) -> 2.2166667

Sheet Confidence Intervals
A1: 95% Confidence Intervals
A3: Error-metric CIs: t-based intervals across the 13 paired submissions. ICC(2,1) CI: F-distribution-based interval using the existing two-way ANOVA components.
A5: Student | B5: Absolute error (0–1) | C5: Squared error (0–1) | E5: Metric | F5: Estimate | G5: 95% CI lower | H5: 95% CI upper | J5: Parameter | K5: Value
A6: ='Paired data'!A4 -> 1 | B6: ='Paired data'!AB4/6 -> 0.033333333 | C6: ='Paired data'!AC4/36 -> 0.0011111111 | E6: MAE | F6: =AVERAGE(B6:B18) -> 0.13183761 | G6: =MAX(0,F6-K9*_xlfn.STDEV.S(B6:B18)/SQRT(K6)) -> 0.050679654 | H6: =F6+K9*_xlfn.STDEV.S(B6:B18)/SQRT(K6) -> 0.21299556 | J6: n | K6: =COUNT(B6:B18) -> 13
A7: ='Paired data'!A5 -> 2 | B7: ='Paired data'!AB5/6 -> 0.033333333 | C7: ='Paired data'!AC5/36 -> 0.0011111111 | E7: MSE | F7: =AVERAGE(C6:C18) -> 0.034030745 | G7: =MAX(0,F7-K9*_xlfn.STDEV.S(C6:C18)/SQRT(K6)) -> 0.0054193006 | H7: =F7+K9*_xlfn.STDEV.S(C6:C18)/SQRT(K6) -> 0.06264219 | J7: df | K7: =K6-1 -> 12
A8: ='Paired data'!A6 -> 3 | B8: ='Paired data'!AB6/6 -> 0.075 | C8: ='Paired data'!AC6/36 -> 0.005625 | E8: RMSE | F8: =SQRT(F7) -> 0.18447424 | G8: =SQRT(G7) -> 0.073615899 | H8: =SQRT(H7) -> 0.25028422 | J8: alpha | K8: 0.05
A9: ='Paired data'!A7 -> 4 | B9: ='Paired data'!AB7/6 -> 0.011111111 | C9: ='Paired data'!AC7/36 -> 0.00012345679 | J9: t critical (95%, df=12) | K9: 2.1788128
A10: ='Paired data'!A8 -> 5 | B10: ='Paired data'!AB8/6 -> 0.16388889 | C10: ='Paired data'!AC8/36 -> 0.026859568
A11: ='Paired data'!A9 -> 7 | B11: ='Paired data'!AB9/6 -> 0.011111111 | C11: ='Paired data'!AC9/36 -> 0.00012345679 | E11: ICC statistic | F11: Estimate | G11: 95% CI lower | H11: 95% CI upper | J11: ICC parameter | K11: Value
A12: ='Paired data'!A10 -> 8 | B12: ='Paired data'!AB10/6 -> 0.28333333 | C12: ='Paired data'!AC10/36 -> 0.080277778 | E12: ICC(2,1) / ICC(A,1) | F12: =ICC!N10 -> 0.98551644 | G12: =K12*(K14-K19*K16)/(K19*(K13*K15+(K13*K12-K13-K12)*K16)+K12*K14) -> 0.96409619 | H12: =K12*(K20*K14-K16)/(K13*K15+(K13*K12-K13-K12)*K16+K12*K20*K14) -> 0.99515359 | J12: n | K12: =ICC!N5 -> 13
A13: ='Paired data'!A11 -> 9 | B13: ='Paired data'!AB11/6 -> 0.35555556 | C13: ='Paired data'!AC11/36 -> 0.12641975 | J13: k | K13: =ICC!N6 -> 3
A14: ='Paired data'!A12 -> 10 | B14: ='Paired data'!AB12/6 -> 0.025 | C14: ='Paired data'!AC12/36 -> 0.000625 | J14: MS rows | K14: =ICC!N7 -> 3.5769444
A15: ='Paired data'!A13 -> 11 | B15: ='Paired data'!AB13/6 -> 0.31111111 | C15: ='Paired data'!AC13/36 -> 0.096790123 | J15: MS columns | K15: =ICC!N8 -> 0.013910256
A16: ='Paired data'!A14 -> 12 | B16: ='Paired data'!AB14/6 -> 0.077777778 | C16: ='Paired data'!AC14/36 -> 0.0060493827 | J16: MS error | K16: =ICC!N9 -> 0.017729701
A17: ='Paired data'!A15 -> 13 | B17: ='Paired data'!AB15/6 -> 0.022222222 | C17: ='Paired data'!AC15/36 -> 0.00049382716 | J17: Fj | K17: =K15/K16 -> 0.78457367
A18: ='Paired data'!A16 -> 14 | B18: ='Paired data'!AB16/6 -> 0.31111111 | C18: ='Paired data'!AC16/36 -> 0.096790123 | J18: v | K18: =((K12-1)*(K13-1)*(K13*F12*K17+K12*(1+(K13-1)*F12)-K13*F12)^2)/((K12-1)*K13^2*F12^2*K17^2+(K12*(1+(K13-1)*F12)-K13*F12)^2) -> 25.908237
J19: F upper critical | K19: =_xlfn.F.INV(1-K8/2,K12-1,K18) -> 2.5148903
J20: F lower critical | K20: =_xlfn.F.INV(1-K8/2,K18,K12-1) -> 3.007738
A21: Notes: error metrics use the normalized total examination score (0–1). The 95% CI for MAE and MSE is estimate ± t(0.975, n−1) × SE; the lower bound is truncated at 0. RMSE is the square root of MSE, so its CI is obtained by transforming the MSE limits. | J21: Interpretation | K21: Run-to-run absolute agreement
